{
"lengthUnit": "mil",
"components": {
	"fields": ["COMPONENT_NO", "COMPONENT_NAME", "LAYER", "X_COORDINATE", "Y_COORDINATE", "ANGLE"],
	"rows": [
		[1, "+5V", "T", 882.4, -76.3, 90],
		[2, "Buzzer", "B", 670, -510, 180],
		[3, "C10", "B", 220, -1320, 180],
		[4, "C11", "B", 225, -960, 0],
		[5, "C12", "B", 230, -870, 180],
		[6, "D11", "B", 485, -1325, 0],
		[7, "D12", "B", 490, -1170, 90],
		[8, "D13", "B", 325, -190, 270],
		[9, "D14", "B", 465, -190, 270],
		[10, "DC1", "B", 635, -1155, 180],
		[11, "Gnd", "T", 882.4, -376.3, 270],
		[12, "PA9", "T", 882.4, -676.3, 0],
		[13, "PA10", "T", 882.4, -576.3, 0],
		[14, "PB8", "T", 882.4, -776.3, 0],
		[15, "PB9", "T", 882.4, -876.3, 0],
		[16, "Q4", "B", 335, -660, 0],
		[17, "R8", "B", 430, -445, 0],
		[18, "SERVO-X", "B", 190, -185, 90],
		[19, "SERVO-Z", "B", 585, -185, 90],
		[20, "U1", "T", 82.41, -876.34, 0],
		[21, "U4", "B", 220, -1140, 0],
		[22, "Valve", "B", 670, -760, 0]
	]
},
"pins": {
	"fields": ["PIN_NO", "PIN_NAME", "PIN_X", "PIN_Y", "LAYER", "PIN_TYPE", "NET_NAME", "NET_TYPE", "PAD_SHAPE", "PAD_SIZEX", "PAD_SIZEY", "HOLE_SIZE", "PAD_ANGLE"],
	"rows": [
		[1, "+5V_1", 882.4, -76.3, "T", "DIP", "+5V", "", "R", 66.93, 66.93, 43.31, 90],
		[2, "+5V_1", 882.4, -76.3, "B", "DIP", "+5V", "", "R", 66.93, 66.93, 43.31, 90],
		[3, "Buzzer_1", 630.63, -510, "T", "DIP", "PB9", "", "C", 62.99, 62.99, 39.37, 0],
		[4, "Buzzer_1", 630.63, -510, "B", "DIP", "PB9", "", "C", 62.99, 62.99, 39.37, 0],
		[5, "Buzzer_2", 709.37, -510, "T", "DIP", "GND", "GND", "C", 62.99, 62.99, 39.37, 0],
		[6, "Buzzer_2", 709.37, -510, "B", "DIP", "GND", "GND", "C", 62.99, 62.99, 39.37, 0],
		[7, "C10_1", 267.24, -1320, "B", "SMD", "12VDC", "", "R", 59.05, 53.5, 0, 180],
		[8, "C10_2", 172.76, -1320, "B", "SMD", "GND", "GND", "R", 59.05, 53.5, 0, 180],
		[9, "C11_1", 177.76, -960, "B", "SMD", "+5V", "", "R", 59.05, 53.5, 0, 0],
		[10, "C11_2", 272.24, -960, "B", "SMD", "GND", "GND", "R", 59.05, 53.5, 0, 0],
		[11, "C12_1", 269.37, -870, "B", "SMD", "GND", "GND", "R", 55.51, 53.15, 0, 180],
		[12, "C12_2", 190.63, -870, "B", "SMD", "+5V", "", "R", 55.51, 53.15, 0, 180],
		[13, "D11_1", 438.83, -1325, "B", "SMD", "12VDC", "", "R", 39.37, 29.53, 0, 0],
		[14, "D11_2", 531.16, -1325, "B", "SMD", "$1N3981", "", "R", 39.37, 29.53, 0, 0],
		[15, "D12_1", 490, -1247.16, "B", "SMD", "12VDC", "", "R", 62.99, 66.93, 0, 270],
		[16, "D12_2", 490, -1092.84, "B", "SMD", "$1N3541", "", "R", 62.99, 66.93, 0, 270],
		[17, "D13_1", 325, -89, "B", "SMD", "$1N7669", "", "R", 86.61, 66.93, 0, 270],
		[18, "D13_2", 325, -291, "B", "SMD", "+5V", "", "R", 86.61, 66.93, 0, 270],
		[19, "D14_1", 465, -89, "B", "SMD", "$1N7820", "", "R", 86.61, 66.93, 0, 270],
		[20, "D14_2", 465, -291, "B", "SMD", "+5V", "", "R", 86.61, 66.93, 0, 270],
		[21, "DC1_1", 635, -1322.32, "T", "DIP", "$1N3981", "", "O", 118.11, 60, 78.74, 180],
		[22, "DC1_1", 635, -1322.32, "B", "DIP", "$1N3981", "", "O", 118.11, 60, 78.74, 180],
		[23, "DC1_2", 635, -987.67, "T", "DIP", "GND", "GND", "O", 118.11, 60, 78.74, 180],
		[24, "DC1_2", 635, -987.67, "B", "DIP", "GND", "GND", "O", 118.11, 60, 78.74, 180],
		[25, "DC1_3", 635, -1196.34, "T", "DIP", "DC1_3", "", "O", 118.11, 60, 78.74, 180],
		[26, "DC1_3", 635, -1196.34, "B", "DIP", "DC1_3", "", "O", 118.11, 60, 78.74, 180],
		[27, "Gnd_1", 882.4, -376.3, "T", "DIP", "GND", "GND", "R", 66.93, 66.93, 43.31, 270],
		[28, "Gnd_1", 882.4, -376.3, "B", "DIP", "GND", "GND", "R", 66.93, 66.93, 43.31, 270],
		[29, "PA9_1", 882.4, -676.3, "T", "DIP", "PA9", "", "R", 66.93, 66.93, 43.31, 0],
		[30, "PA9_1", 882.4, -676.3, "B", "DIP", "PA9", "", "R", 66.93, 66.93, 43.31, 0],
		[31, "PA10_1", 882.4, -576.3, "T", "DIP", "PA10", "", "R", 66.93, 66.93, 43.31, 0],
		[32, "PA10_1", 882.4, -576.3, "B", "DIP", "PA10", "", "R", 66.93, 66.93, 43.31, 0],
		[33, "PB8_1", 882.4, -776.3, "T", "DIP", "PB8", "", "R", 66.93, 66.93, 43.31, 0],
		[34, "PB8_1", 882.4, -776.3, "B", "DIP", "PB8", "", "R", 66.93, 66.93, 43.31, 0],
		[35, "PB9_1", 882.4, -876.3, "T", "DIP", "PB9", "", "R", 66.93, 66.93, 43.31, 0],
		[36, "PB9_1", 882.4, -876.3, "B", "DIP", "PB9", "", "R", 66.93, 66.93, 43.31, 0],
		[37, "Q4_1", 451.93, -569.45, "B", "SMD", "$1N3543", "", "R", 98.42, 43.31, 0, 0],
		[38, "Q4_2", 451.93, -660, "B", "SMD", "$1N3541", "", "R", 98.42, 43.31, 0, 0],
		[39, "Q4_3", 451.93, -750.55, "B", "SMD", "GND", "GND", "R", 98.42, 43.31, 0, 0],
		[40, "Q4_4", 218.07, -660, "B", "SMD", "$1N3541", "", "R", 92.13, 141.73, 0, 0],
		[41, "R8_1", 390.63, -445, "B", "SMD", "$1N3543", "", "R", 44.59, 54.21, 0, 0],
		[42, "R8_2", 469.37, -445, "B", "SMD", "PB8", "", "R", 44.59, 54.21, 0, 0],
		[43, "SERVO-X_1", 190, -285, "T", "DIP", "GND", "GND", "R", 62, 70.87, 47.24, 90],
		[44, "SERVO-X_1", 190, -285, "B", "DIP", "GND", "GND", "R", 62, 70.87, 47.24, 90],
		[45, "SERVO-X_2", 190, -185, "T", "DIP", "$1N7669", "", "C", 70.87, 70.87, 47.24, 90],
		[46, "SERVO-X_2", 190, -185, "B", "DIP", "$1N7669", "", "C", 70.87, 70.87, 47.24, 90],
		[47, "SERVO-X_3", 190, -85, "T", "DIP", "PA10", "", "C", 70.87, 70.87, 47.24, 90],
		[48, "SERVO-X_3", 190, -85, "B", "DIP", "PA10", "", "C", 70.87, 70.87, 47.24, 90],
		[49, "SERVO-Z_1", 585, -285, "T", "DIP", "GND", "GND", "R", 62, 70.87, 47.24, 90],
		[50, "SERVO-Z_1", 585, -285, "B", "DIP", "GND", "GND", "R", 62, 70.87, 47.24, 90],
		[51, "SERVO-Z_2", 585, -185, "T", "DIP", "$1N7820", "", "C", 70.87, 70.87, 47.24, 90],
		[52, "SERVO-Z_2", 585, -185, "B", "DIP", "$1N7820", "", "C", 70.87, 70.87, 47.24, 90],
		[53, "SERVO-Z_3", 585, -85, "T", "DIP", "PA9", "", "C", 70.87, 70.87, 47.24, 90],
		[54, "SERVO-Z_3", 585, -85, "B", "DIP", "PA9", "", "C", 70.87, 70.87, 47.24, 90],
		[55, "U1_1", 82.41, -876.34, "T", "DIP", "U1_1", "", "C", 62.99, 62.99, 39.37, 0],
		[56, "U1_1", 82.41, -876.34, "B", "DIP", "U1_1", "", "C", 62.99, 62.99, 39.37, 0],
		[57, "U1_2", 82.41, -776.34, "T", "DIP", "U1_2", "", "C", 62.99, 62.99, 39.37, 0],
		[58, "U1_2", 82.41, -776.34, "B", "DIP", "U1_2", "", "C", 62.99, 62.99, 39.37, 0],
		[59, "U1_3", 82.41, -676.34, "T", "DIP", "U1_3", "", "C", 62.99, 62.99, 39.37, 0],
		[60, "U1_3", 82.41, -676.34, "B", "DIP", "U1_3", "", "C", 62.99, 62.99, 39.37, 0],
		[61, "U1_4", 82.41, -576.34, "T", "DIP", "U1_4", "", "C", 62.99, 62.99, 39.37, 0],
		[62, "U1_4", 82.41, -576.34, "B", "DIP", "U1_4", "", "C", 62.99, 62.99, 39.37, 0],
		[63, "U1_5", 82.41, -476.34, "T", "DIP", "U1_5", "", "C", 62.99, 62.99, 39.37, 0],
		[64, "U1_5", 82.41, -476.34, "B", "DIP", "U1_5", "", "C", 62.99, 62.99, 39.37, 0],
		[65, "U1_6", 82.41, -376.34, "T", "DIP", "U1_6", "", "C", 62.99, 62.99, 39.37, 0],
		[66, "U1_6", 82.41, -376.34, "B", "DIP", "U1_6", "", "C", 62.99, 62.99, 39.37, 0],
		[67, "U1_7", 82.41, -276.34, "T", "DIP", "U1_7", "", "C", 62.99, 62.99, 39.37, 0],
		[68, "U1_7", 82.41, -276.34, "B", "DIP", "U1_7", "", "C", 62.99, 62.99, 39.37, 0],
		[69, "U1_8", 82.41, -176.34, "T", "DIP", "U1_8", "", "C", 62.99, 62.99, 39.37, 0],
		[70, "U1_8", 82.41, -176.34, "B", "DIP", "U1_8", "", "C", 62.99, 62.99, 39.37, 0],
		[71, "U1_9", 882.41, -876.34, "T", "DIP", "PB9", "", "C", 62.99, 62.99, 39.37, 0],
		[72, "U1_9", 882.41, -876.34, "B", "DIP", "PB9", "", "C", 62.99, 62.99, 39.37, 0],
		[73, "U1_10", 882.41, -776.34, "T", "DIP", "PB8", "", "C", 62.99, 62.99, 39.37, 0],
		[74, "U1_10", 882.41, -776.34, "B", "DIP", "PB8", "", "C", 62.99, 62.99, 39.37, 0],
		[75, "U1_11", 882.41, -676.34, "T", "DIP", "PA9", "", "C", 62.99, 62.99, 39.37, 0],
		[76, "U1_11", 882.41, -676.34, "B", "DIP", "PA9", "", "C", 62.99, 62.99, 39.37, 0],
		[77, "U1_12", 882.41, -576.34, "T", "DIP", "PA10", "", "C", 62.99, 62.99, 39.37, 0],
		[78, "U1_12", 882.41, -576.34, "B", "DIP", "PA10", "", "C", 62.99, 62.99, 39.37, 0],
		[79, "U1_13", 882.41, -476.34, "T", "DIP", "U1_13", "", "C", 62.99, 62.99, 39.37, 0],
		[80, "U1_13", 882.41, -476.34, "B", "DIP", "U1_13", "", "C", 62.99, 62.99, 39.37, 0],
		[81, "U1_14", 882.41, -376.34, "T", "DIP", "GND", "GND", "C", 62.99, 62.99, 39.37, 0],
		[82, "U1_14", 882.41, -376.34, "B", "DIP", "GND", "GND", "C", 62.99, 62.99, 39.37, 0],
		[83, "U1_15", 882.41, -276.34, "T", "DIP", "U1_15", "", "C", 62.99, 62.99, 39.37, 0],
		[84, "U1_15", 882.41, -276.34, "B", "DIP", "U1_15", "", "C", 62.99, 62.99, 39.37, 0],
		[85, "U1_16", 882.41, -176.34, "T", "DIP", "U1_16", "", "C", 62.99, 62.99, 39.37, 0],
		[86, "U1_16", 882.41, -176.34, "B", "DIP", "U1_16", "", "C", 62.99, 62.99, 39.37, 0],
		[87, "U1_17", 882.41, -76.34, "T", "DIP", "+5V", "", "C", 62.99, 62.99, 39.37, 0],
		[88, "U1_17", 882.41, -76.34, "B", "DIP", "+5V", "", "C", 62.99, 62.99, 39.37, 0],
		[89, "U1_18", 782.41, -76.34, "T", "DIP", "U1_18", "", "C", 62.99, 62.99, 39.37, 0],
		[90, "U1_18", 782.41, -76.34, "B", "DIP", "U1_18", "", "C", 62.99, 62.99, 39.37, 0],
		[91, "U1_19", 682.41, -76.34, "T", "DIP", "U1_19", "", "C", 62.99, 62.99, 39.37, 0],
		[92, "U1_19", 682.41, -76.34, "B", "DIP", "U1_19", "", "C", 62.99, 62.99, 39.37, 0],
		[93, "U4_1", 336.93, -1049.45, "B", "SMD", "GND", "GND", "R", 98.42, 43.31, 0, 0],
		[94, "U4_2", 336.93, -1140, "B", "SMD", "+5V", "", "R", 98.42, 43.31, 0, 0],
		[95, "U4_3", 336.93, -1230.55, "B", "SMD", "12VDC", "", "R", 98.42, 43.31, 0, 0],
		[96, "U4_4", 103.07, -1140, "B", "SMD", "+5V", "", "R", 92.13, 141.73, 0, 0],
		[97, "Valve_1", 709.37, -760, "T", "DIP", "12VDC", "", "C", 62.99, 62.99, 39.37, 180],
		[98, "Valve_1", 709.37, -760, "B", "DIP", "12VDC", "", "C", 62.99, 62.99, 39.37, 180],
		[99, "Valve_2", 630.63, -760, "T", "DIP", "$1N3541", "", "C", 62.99, 62.99, 39.37, 180],
		[100, "Valve_2", 630.63, -760, "B", "DIP", "$1N3541", "", "C", 62.99, 62.99, 39.37, 180]
	]
}
}